HOTEL_CITY,TOTAL_REVENUE
Howardview,
Lake John,1580
East Michael,1524
New Rebecca,1466
Port Jeffrey,1397
Emilyport,1200
East Matthew,1118
North James,1096
Michaelshire,1083
West Jeremy,1077
Angelastad,1066
Craigview,1054
Amyton,1017
Taylorton,997
Millerport,971
Brianborough,961
East Lisa,952
North Stephanie,941
Davisport,938
Wrightville,924
Lake Robert,905
Lake Kevin,889
Gomezview,869
Lake Brandonmouth,863
Lake Christopher,842
Martinfort,825
Paulchester,823
New Colleen,822
Lake Stevenfort,806
Johnsonland,795
Jennifershire,786
Williamshaven,783
Wardstad,738
North Bryan,719
New Gary,707
North Matthew,701
East Christopherville,691
West Lisa,691
Timothymouth,691
New Andrew,691
North William,677
North Tina,671
Port James,671
Joshuamouth,668
Lake Michael,665
South Christopher,657
Andersonmouth,654
Lake Adrian,652
East David,645
Douglasfort,638
West Rhonda,628
East Andrew,626
West Jessica,623
Dennisshire,600
Heatherton,600
Harriston,600
Byrdview,600
Port David,599
Richardsland,599
Danielshire,599
Lake Justin,599
West Paul,598
Port Carl,598
Veleztown,597
East Mckenziefort,597
Mcgeefort,597
Matthewview,597
Jeffreymouth,597
Carolview,596
Heatherbury,596
South Anthony,596
Port Collin,595
Port Brianburgh,594
Nicholasburgh,594
Hernandezmouth,594
Westville,594
Lake Sharonberg,593
Millerborough,592
Clayhaven,592
Andrewsborough,592
Port Courtney,592
North Shawnaview,592
Lake Scott,591
Port Markview,591
Anthonyside,590
Port Robertmouth,590
West Amanda,590
South Jenniferport,589
Cheyennestad,589
Wilsonview,589
New Austinhaven,589
Port John,588
East Andreachester,588
Richmondstad,588
Hendersonside,587
Lake Kimberly,586
Lake Danielle,586
Davidland,586
Mendozamouth,585
Lake Karenview,585
Bassmouth,585
Brendaberg,585
East Steve,585
Rodneyborough,585
Lake Johnfurt,584
Nicoleport,584
Schwartzfurt,584
Daviston,584
New Juliemouth,584
Josephside,584
Karentown,584
North Mckenzie,583
Kevinborough,583
Grantfurt,583
Phillipsshire,583
Selenahaven,582
Williamsport,582
South Juliemouth,581
New Arielborough,581
Meltonville,580
Davismouth,580
Howardhaven,580
Goodmanfort,580
Lake Michelefort,580
Sarahmouth,578
West Beverlyton,578
Hernandezland,577
Murrayland,577
Stevenport,577
West Connorville,576
West Rebeccachester,576
Lake Amandachester,575
West Melissastad,575
West Allenville,574
Port Willie,574
Lake Dylan,573
Smithview,572
Brianbury,572
East Joshualand,572
Paigestad,572
East Brenda,571
North John,571
Port Timothytown,571
Dianeland,571
Changstad,570
Lake Tracey,570
North Bradleychester,570
New Dawn,570
Sarahland,569
Lake Deanborough,569
Nguyenville,569
Wilsonstad,569
South Robert,568
North Brittany,568
North Phillipmouth,568
Karenville,567
Hallchester,567
New Williamhaven,567
Lake Kariport,566
South Richard,566
South Brett,564
Port Crystalville,564
Clarkefurt,564
Port Jodi,563
Robersonville,563
East Royborough,563
Lake Maryville,563
Sarahton,562
Millershire,562
Christopherburgh,562
Lovebury,562
Phillipsfurt,562
East Fred,562
West Kennethhaven,561
North Keith,561
Derrickchester,561
Lisatown,561
Lake Christopherfurt,560
Scottstad,560
Rowestad,560
Baileyside,560
Avilaberg,560
East Drew,559
Brianside,559
Matthewsmouth,559
Gregoryview,558
Warrenstad,558
Brianburgh,558
West Kimberlybury,558
Cortezmouth,558
Jonesfurt,557
Baileyborough,557
Stuartfurt,557
West Jose,556
West Martin,556
Edwardchester,555
Limouth,555
East Mary,555
New Kellyville,555
Cranetown,554
East Christine,554
Kimberlyborough,554
Lake Juanchester,553
New Geoffrey,553
South Jill,553
North Daleburgh,552
Brandyfurt,552
Whitefort,551
West Ginaland,551
Masonmouth,551
Christineburgh,550
South Jennifermouth,550
Nicholasmouth,549
New Kelly,549
Kleinstad,549
South Marychester,549
Lake Alison,548
Port Josephfurt,548
Jacksonshire,547
Perezburgh,547
Phillipfort,546
South Maryburgh,546
Lake Leonard,545
West Jessicaport,545
Emilyburgh,545
Powerston,545
Amberborough,544
Johnsonburgh,544
Willietown,543
Chavezbury,543
Marcusbury,543
Simsshire,543
Lake Linda,543
New Patricia,543
Mercadobury,541
Nguyenland,541
East John,541
Smithburgh,540
East Danielle,539
Haydenview,539
East Fredside,539
Jessicamouth,539
West Shane,539
Elijahmouth,539
Mooreview,539
Victorfort,538
North Josephmouth,538
Randyshire,538
Fuentesport,538
Peterfurt,537
Kylestad,537
West Lorifurt,537
Janetmouth,537
Lake Brandonborough,536
South James,536
Natashamouth,536
Figueroafort,536
Josephtown,535
East Dennis,534
Port Megan,534
East Andrea,534
Tracyshire,533
Bakermouth,533
Lake Margaret,533
East Susanchester,532
Deannamouth,532
New Kennethborough,530
West Laurafurt,530
East Maryhaven,530
Franktown,530
Simsville,529
Port Cynthiamouth,529
Hintonshire,529
Claymouth,528
Osbornefurt,528
East Carrie,528
Stonehaven,528
Maymouth,528
New Charlesmouth,528
New David,528
Shafferview,527
South Charlesville,527
Gomezchester,527
East Deannaburgh,527
North Crystalside,527
Port Tonyport,526
Maldonadoton,526
Lake Matthewborough,526
Staceyside,525
South Robertburgh,525
Millsport,525
Lake Mauriceport,525
Mckenziechester,524
Jennyfort,524
New Jennaborough,524
East Jonathan,522
Anthonyton,522
Larrymouth,521
Pamelabury,521
North Tylerborough,521
New Adamshire,521
Averyshire,521
Lake Ashley,521
South Charlotte,520
Port Jameshaven,520
West Maryton,520
Nathanfurt,520
Kurtmouth,520
Ashleyview,520
Port Karenstad,520
Nielsenport,519
Debraview,519
New Grace,518
Stricklandside,518
Lindabury,518
Mcbridestad,518
Laraville,517
Larsenmouth,517
East Pamela,517
New Allison,517
East Paulchester,517
Lake Christinefurt,516
Aprilbury,516
Kevintown,516
Rogerside,516
Kristinview,515
North Johnbury,515
Allisonbury,515
Port Patricia,515
Port Vanessaport,515
Davidmouth,515
East Frank,515
South Scottview,515
Sandrafurt,515
Debbiemouth,514
Alexanderberg,514
Whiteberg,514
Port Toniton,513
Kevinfort,513
Danielside,513
North Troyburgh,512
Tinaport,511
Mooreburgh,511
Collinsville,511
Combshaven,511
East Scottport,511
New Jeffery,511
North Ianbury,510
New Gail,509
South Michelle,509
Lake Stephenfort,508
South Joshua,508
Hermanville,508
Seanside,508
Melaniehaven,508
East Jenniferville,508
Christyfort,507
West Rebeccastad,507
Oscarshire,507
West Jenniferborough,507
Jonathantown,507
Gardnerhaven,507
North Stevehaven,507
Carterhaven,506
Peterborough,505
North Melissa,505
Juliefurt,505
Port Heatherville,505
Danielleville,505
Cliffordbury,504
Danielmouth,504
Port Juliechester,504
Carmenhaven,504
Simstown,503
Bellborough,503
Jeremyside,503
West Ronald,503
Kathrynport,503
Johnburgh,503
Hansonmouth,502
Perezshire,502
West Jillbury,501
Lake Jasmine,501
Cindyland,501
Muellerview,501
New Timothy,501
Graymouth,500
East Jackieport,500
West Jordanville,499
Banksmouth,499
Port Robertshire,499
Lake Carlos,498
East Sandrahaven,498
West Jenniferstad,497
Lopezfurt,497
Port Kristinahaven,496
Port Jason,496
New Jennyview,496
Vincentborough,495
Simonside,495
Rodriguezfort,494
Stephenton,494
Tiffanyshire,494
West Michelle,494
Johnsonville,494
New Teresa,493
Juliebury,493
New Sarahberg,493
North Brianaton,493
North Edward,492
Pamelastad,492
Lindseyview,492
Andersonfort,492
Port Randychester,491
North Nicole,491
Port Natasha,491
Alisonbury,490
Ramireztown,490
Lake Kennethchester,490
Lake Scottton,489
Port Maryfurt,489
Alisonburgh,488
Whiteburgh,488
Port Brettmouth,487
Port Deannafort,487
Lake Joshuaburgh,487
South Kendra,486
Lake Williamberg,486
South Stevenchester,486
Grimesside,486
South Timothymouth,486
Port Nicole,485
Whitehaven,485
West Matthewport,485
South Evanshire,484
Nielsenside,484
Webbhaven,483
Justinland,483
Nealmouth,482
Gilbertton,482
Perezport,482
Higginsfurt,481
Jeffreyfurt,481
Ryanville,481
Debrahaven,481
Davisfort,480
Pamelafurt,479
Lake Lauraton,479
Deniseport,479
Gonzalezchester,478
South Jennifer,478
Tiffanymouth,478
Brittneyberg,477
Prestonstad,477
South Brenda,477
Davisberg,477
Lewisburgh,476
Port Bryanberg,476
Lake Lauren,476
Jameshaven,476
Collinsshire,476
West Annaborough,475
Port Tiffanyburgh,475
Reyesview,475
Robertsonmouth,474
Robertfurt,474
Fergusonville,474
North Seanfort,473
Khanfort,473
New Nancy,473
West Markside,472
Stevensonshire,472
Jonmouth,472
North Steven,471
South Todd,471
Julianshire,471
North Jason,471
Charlestown,471
East Erika,470
Lake Melanie,470
Nicholasside,469
South Melissaburgh,469
Port Sandraland,469
Lake Jamieview,469
Peterbury,467
Laurenbury,467
North Connie,467
Anthonyport,467
North Michael,467
New Jesse,466
Thomashaven,466
Robertberg,466
Port Vernonstad,466
Jameston,466
West Johnfurt,465
New Christopherstad,465
West Timothytown,464
North Cody,464
Port Wesley,464
Anthonystad,463
Maloneport,463
Nathanport,462
Jacquelinefurt,462
East Mitchell,462
Dorseyborough,462
Lake Tanyastad,462
Steinside,462
East Cherylview,462
Finleyton,461
North Anthonyside,461
Port Lisachester,461
Carterton,460
Dennisstad,460
East Danielstad,459
Teresaborough,459
Thomasfort,459
New Angelaside,459
Rebeccaview,458
Amberstad,457
Lake Patrickmouth,457
Lisaborough,456
Powellfort,456
Ashleyhaven,456
Williamsonfurt,456
New Loriburgh,455
Anthonytown,455
,455
Brooksmouth,455
Huntborough,455
Ryanstad,454
North Brookeberg,454
South Charlesshire,454
Port Sierramouth,453
Brianmouth,453
Hamptonland,452
Walkerberg,452
Adamstad,452
North Johnny,452
West Catherineburgh,452
Lake Olivia,452
Davidton,452
North Christina,452
Shannonview,451
New Robertstad,451
Port Sharonburgh,451
Chamberstown,451
South Rayport,451
Theresamouth,451
Lake Thomas,451
Port Kimberlyport,450
Lake Kendra,450
Alyssashire,450
South Katie,450
West Bradleytown,449
South Christopherfurt,449
Jacksonburgh,449
Johnfort,448
Clarkehaven,448
Port Steveside,448
East Darrell,448
West Rodney,448
Dianaton,447
South Mercedesland,447
South Brianside,446
Brownton,446
New Shirley,446
Johnnyburgh,446
Lake Joanna,446
Port Lorraineville,445
Robertside,445
Garrisonmouth,445
East Rogerland,444
Port Jaredland,444
Marystad,443
Sethland,443
Westchester,442
North Williebury,442
North Amandaburgh,442
North Victoria,442
Port Laura,441
West Sandra,441
Aprilmouth,441
North Wendy,440
Martinside,440
Ianmouth,440
Amytown,440
Fergusonmouth,439
Reneehaven,439
Deantown,439
Lake Adamhaven,438
Lake Karen,437
Port Randyfurt,437
Wallacefort,437
East Erikafort,436
Webbborough,435
Nathanborough,434
Garciafurt,434
North Zacharyfort,434
Jamesfurt,434
Marshallland,433
Douglashaven,433
East Jenniferberg,433
Markton,433
Lake Melissa,432
Curtistown,431
East Sarahtown,431
Cuevasfort,431
Cynthiachester,431
North Pamelachester,430
North Rebecca,430
Danielbury,430
East Ryan,429
South Loriside,429
Lake Josephport,429
Bethfort,428
Tracychester,427
Robertview,426
North Susanberg,426
West Lance,425
South Brianstad,424
Haleyport,423
South Phillipville,423
South Marc,423
Port Justin,423
Port Jasonport,423
Jeffreystad,422
South Alexisfort,422
Hendersonburgh,422
Alanmouth,421
Nashport,421
Juliashire,421
Davidhaven,421
Port Ryanmouth,421
Jaredmouth,420
Jacksonville,420
South Theresa,419
Alexandraville,419
South Nancyville,418
New Ryan,418
Lake Juliechester,418
Chandlerton,418
East Josephland,417
Mariabury,417
Vargasshire,417
Floresland,415
Kimport,415
Elizabethstad,414
West Christina,414
Markville,413
Elizabethborough,413
New Alexisview,413
Lake Rebecca,412
Lake Philip,412
Kaitlinview,412
New Thomasshire,412
Belltown,411
Shepherdview,411
Glennville,411
Rossport,411
Richardland,411
Millerstad,410
Shawnmouth,410
Priceburgh,410
Port Harold,410
Elliottfort,409
Woodberg,409
Riceburgh,408
Lake Crystal,408
West Jacqueline,408
Jeffreyborough,407
Darlenetown,406
Youngbury,406
Christophertown,406
North Herbertburgh,405
Jenniferton,405
East Pamelaton,405
West Keithfort,405
Pamelashire,404
Cynthiafurt,404
Lake Julieton,404
Jordanmouth,404
Ramosberg,404
South Kathrynside,404
Lisamouth,403
Millerside,403
Lake Ronnie,402
Port Maryville,402
Danaport,401
Robinmouth,401
Walterfurt,401
South Jamesmouth,401
New William,401
West Richardside,401
Savannahport,400
South Juliefort,399
Laurentown,399
Stevenfort,399
Port Tylerborough,398
South Misty,397
Garciatown,397
Kimberlytown,397
South Gabrielle,396
Dannyhaven,395
Port Tyler,395
Robersonfort,395
Lake Billyburgh,394
North Robertfort,394
Munozville,394
North Johnmouth,394
Chelseachester,393
Gillfurt,393
South Tiffany,392
Laneton,392
Bennettmouth,392
Patelburgh,392
South Alyssa,392
North Chloe,391
South Terriview,390
Lake Erikaberg,390
North Barbarafurt,390
Gonzalezshire,388
Smithport,388
Bennettton,388
Williamsborough,388
New Logan,388
Port Leonardhaven,387
Hannahtown,387
Hudsonchester,386
South Kristin,386
Stevenberg,386
East Jameshaven,385
North Sarah,385
Jamesstad,385
Port Jillianport,385
Lake Stephanieville,384
Martinezbury,384
Vargasfort,384
New Colleenshire,383
South Angela,381
East Philip,380
Stephenchester,380
Gregoryborough,380
West Russellview,380
West Cherylbury,380
South Kimberly,379
Allisonmouth,379
Port Daniellefort,378
New Sheritown,377
New Mariashire,377
New Susanfort,376
Port Gabrielle,375
West Randallberg,375
South Andrew,375
Garrisonview,375
West Jenniferfurt,373
New Robert,373
Port Isabella,372
Ingramfurt,372
New Christopherbury,372
Port Laurafurt,371
North Loriside,371
Pagetown,370
East Christophermouth,370
Lake Jennifer,370
Lake Andreafurt,370
North Kathleen,369
Jenniferburgh,369
Shannonport,368
Sanchezville,368
Simsborough,367
Kennethfort,367
New Cheryltown,367
Andersonberg,367
South Amber,367
Johnsonport,367
Deckershire,367
Lake Patriciafort,367
Lewischester,367
Monicaside,367
Millerfort,366
New Brandonhaven,366
New Kathleenhaven,366
Travisburgh,365
Tonyashire,363
Teresaport,363
Amberland,362
New Christinaberg,362
East Wesley,362
Acevedoland,361
North Katie,361
Lindafurt,361
Timothyberg,360
Johnstonchester,360
Jocelynton,359
South Elizabeth,359
Owensburgh,359
South Shelbyfurt,359
Ramirezshire,358
Whiteview,358
Port Davidborough,356
Port Davidbury,356
New Brandonbury,356
Alexanderville,356
North Saraburgh,356
South Grant,356
East Rebeccastad,355
Cartermouth,355
West Jaredfort,355
Andremouth,354
Port Kentport,354
Port Derekshire,354
East Shelby,353
Sandersfurt,353
East Claytonburgh,353
Charlesfurt,353
Jamesshire,353
Williamville,353
Nathantown,352
Ellenbury,351
Lake Nicole,351
Loveside,350
West Danielville,350
Wrightview,349
Griffinport,349
Jessicafort,349
Port Philip,349
Ruthshire,348
New Heatherchester,348
North Larryville,348
East Kimberlyhaven,347
Markchester,347
Annaberg,347
North Christopher,346
Bowenton,345
Leeview,344
South Meghanstad,344
Stephensonside,343
Port Scott,343
Tiffanyberg,343
Jesseview,343
Briannaborough,343
Cindyside,342
Kevinland,342
East Seanland,342
Pattystad,341
West Marissa,341
Richardhaven,340
North Deannashire,340
Brittanyborough,339
Scottmouth,339
Warrenborough,338
North Laura,338
Castilloberg,338
North Deborahberg,336
New Brian,336
Karenshire,336
Pamelamouth,336
Tristantown,336
North Daniellefurt,335
Johnnyland,335
Port Kim,335
New Michellefort,335
Andreaborough,335
Charlesfort,334
East Michele,334
Bennettstad,334
New Stephanie,334
South Christinetown,334
Danielfort,333
Port Carrie,331
Christopherside,331
Yvonneview,330
Port Julie,330
Warnerbury,330
Joannabury,330
Penningtonburgh,329
North Leslieton,328
New Lisa,327
Brittanyland,327
Yangberg,327
Taylorside,327
Deborahbury,327
Port Barbaraburgh,327
North Bradleyview,327
Port Raymond,326
Barnesshire,324
Port Kimberlyshire,324
North Vanessastad,324
Port Tanyaport,324
Lake Martin,323
West Shannon,323
East Brittanyborough,322
New Katherineburgh,321
Jacquelineton,321
South Katieview,321
North Christineville,321
East Virginiafurt,320
South Jessicaberg,320
New Yvonne,319
Tylerstad,318
West Jonathanton,318
North Seth,318
East Jared,318
Estesmouth,317
Johnsonview,317
Amyborough,317
South Trevorside,317
New Lisaborough,316
New Jessicaview,316
North Susanfurt,316
South Patriciashire,316
Portershire,316
Doyleton,316
Port Cynthia,316
South Susanborough,316
North Joshuaberg,315
Port Donnafort,315
Meyerland,315
North Nicoleport,314
East Christopher,314
Lake Laurenview,314
West Laura,314
Morganview,313
Sellerstown,313
Leeburgh,313
North Erinborough,312
Serranoside,312
West Justinview,311
North Rebeccabury,311
Michaelland,311
Carriechester,310
Port Dustin,310
Randyfurt,310
Diazmouth,308
New Kayla,308
Cynthiaport,307
Port Troy,307
Lake Stephen,305
Michelechester,305
Davidfurt,305
Jeffmouth,304
Jonesmouth,304
Kiddchester,303
Lake Kelly,303
Laurahaven,303
Williamsshire,302
East Tylerbury,302
East Christineberg,302
Johnside,302
West Patriciachester,302
Lake Karenport,301
North Kristinshire,301
Kathryntown,301
Knightview,301
North Sharon,300
Peterfort,300
Phillipview,299
Lake Anthonybury,299
Markshire,298
Port Jennifer,298
New Martin,295
Johnsontown,295
New Kendramouth,294
South Michaelport,294
East Jose,293
Rodgersborough,293
Mirandaton,293
South Stevenview,293
New Jody,293
Port Katherine,293
Edwardland,292
Port Linda,292
Wrightport,289
New Nicholasside,289
Mckenzietown,289
Leeberg,288
West Kimberly,288
East Josephfurt,288
New Devin,287
East Paula,286
Justinfort,285
Lake Joelview,285
Cruzstad,285
Howardton,284
Anthonyberg,283
Ashleyburgh,283
Millerfurt,283
Mariaville,283
Maryshire,283
New Lesliefort,283
South Coreyborough,282
Weberton,282
South Richardshire,282
Listad,281
West Brandi,280
South Samuel,279
Stewartland,279
Morrisburgh,279
South Ericville,279
Chavezburgh,279
East Deannabury,279
Leonardburgh,278
Ashleyfort,277
East Tommy,277
North Lindaton,277
West Richardland,277
North Darren,277
Port Loganhaven,276
Goodmanton,276
Robertland,276
North Shaun,276
Phillipsberg,276
South Timton,276
Williamchester,275
Avilaborough,275
Port Sharon,275
Port Matthew,275
Lake Cheryl,274
Parkerside,273
Lake Donna,273
Laurenhaven,272
Lake Aaron,272
North Derrick,271
Doyleside,271
East Javierport,271
New Thomas,271
Jonestown,271
East Gregoryshire,270
Henrymouth,270
Newtontown,270
North Michaelburgh,270
West Travis,270
Port Larryshire,269
South Sydney,269
West Troyhaven,269
Louisfurt,268
East Emily,268
Greenberg,268
North Chelseachester,268
Guerraborough,267
West Joshua,267
Gilesmouth,266
South Jayville,266
Caseymouth,266
West Roberttown,265
East Kathryn,265
Trevormouth,265
Wileytown,264
Thompsonshire,264
Lake Shelley,264
Smithchester,263
West Davidton,263
Jacobburgh,262
Conleytown,262
Lake Laura,262
Davidchester,262
Churchville,262
Gregoryshire,262
East Emilyside,261
Riddlefurt,261
Lake Johnmouth,261
West Kyle,261
East Nicholas,259
South Barbara,259
East Steven,259
Samanthaview,259
Lake Aprilland,258
Princeside,258
Amyview,257
New Ashleyside,257
Farrellstad,257
West Nicole,257
Hardyhaven,257
Lewisfort,256
East Ethanland,255
Port Audrey,255
New Ethan,254
Jenniferside,254
New Thomasfurt,254
Amandaton,254
Annside,254
New Melody,253
Tracyburgh,253
Lake Rachel,252
Ericside,252
Michelleport,252
Morrisside,251
New Christopher,251
Shannonmouth,250
North Wayneville,250
Port Mathew,250
Mcintoshshire,249
West Karen,249
North Michaelberg,249
Thompsonport,248
Cervantesland,248
Heidibury,247
Deborahburgh,247
Mcknightbury,247
Acevedomouth,246
East Amandaborough,246
Lake Anthony,246
South Claudia,246
New Carrie,245
South Zachary,245
New Jeffrey,245
North Monica,245
Diazberg,245
North Morgan,244
East Rodney,243
New Michael,243
North Emily,243
Salashaven,242
Georgefurt,242
East Lisamouth,240
Wrighthaven,240
South Malikton,239
Floresport,239
Port Stephanie,239
Timothyview,238
Thomasfurt,237
Jonesfort,236
Myersborough,236
Jensenport,236
Christopherberg,235
North Samanthafurt,235
Ashleyland,234
East Amanda,234
Richardfort,234
Brenttown,234
Port Davidfurt,232
Mollyburgh,232
Davisborough,232
New Deannamouth,232
New Davidberg,232
Leonardmouth,231
Brianport,231
Clayfurt,230
Kristieburgh,230
South Andreaborough,230
North Jesseport,230
Port Tabitha,230
Hallfort,230
New Francis,230
Thompsonhaven,230
Loganville,229
Barnettside,229
Stantonbury,229
East Darrylport,228
Kathrynmouth,228
Williamstad,228
Ambertown,228
Olsonstad,227
Bradfordstad,227
Wendyville,227
Mackchester,226
West Shirleybury,226
Williamsside,225
Lake Stefaniechester,225
Deniseville,225
Port Williamchester,223
Taylorbury,223
Schneiderchester,223
South William,223
South Laurenbury,222
Lindastad,221
South Jennifershire,221
Michaelside,220
Lake Kyle,220
North Rebeccaland,220
Lake Jessicaview,220
West Rachel,220
Jamesberg,220
East Teresa,219
Port April,218
Maryton,218
Grahamborough,218
Smallfort,217
Schultzberg,217
Collinston,217
Lutzbury,217
West Dylanburgh,217
Shepherdmouth,217
Vanessaborough,216
Walkerport,215
Collinbury,215
Mcguireborough,215
North Misty,214
Port Joseside,214
Bennettfort,214
Port Amberfort,213
North Brian,213
East Tracy,212
New Davidbury,212
East Lori,212
Murphytown,212
South Connie,212
East Michaelville,212
Murphymouth,211
Donovanland,210
New Elizabeth,209
Tiffanyton,208
Snyderfort,208
Dillonmouth,208
Lake Troyborough,208
Karenview,207
Norrisshire,207
North Heatherfurt,207
Thomasside,207
Sandovalchester,206
Cameronborough,206
Petersonfort,205
Meghanburgh,205
Suttonfort,205
East Reneemouth,205
Lake Lisa,205
Lake Theresa,204
East Kerry,203
North Jacobville,203
East Judy,203
Port Daniel,203
New Christopherfurt,202
South Stevenside,202
West Davidchester,202
North Jasmine,202
Houstonfort,201
Port Leslie,201
North Katrinatown,201
North Judithshire,201
North David,201
Lake Jeffreyshire,200
Johnstonborough,200
Jonesside,199
South Valerieville,199
Howelltown,198
North Amanda,198
New Karenchester,198
New Frederickville,197
East George,197
North Justinton,197
Zacharymouth,196
West Joe,196
West Raymondside,195
Robersonside,195
Thomasville,195
Antoniofurt,194
Hammondstad,194
Cynthiahaven,194
Larryberg,194
Morganburgh,194
New Amandashire,194
Melissaside,194
Lake Thomasmouth,193
Port Lindsey,192
South Christina,192
Port Joshua,192
Brandonview,191
Cruztown,190
Knightland,189
Charlotteton,189
Lake Michelleside,189
Port Jeff,189
East Marthaside,189
Alexischester,189
Kramerhaven,189
Davidside,188
Lindashire,188
Michellefurt,188
Amandaville,188
South Williamland,187
Port Nicholas,187
New Richard,187
New Sharihaven,187
Andersontown,186
Meaganview,186
West Jessicaborough,185
Veronicahaven,185
South Barbaratown,185
Port William,184
North Charlesside,184
Port Jamesland,184
South Dana,184
Lake Deanna,184
Elliottshire,183
Bonnietown,183
Douglasport,183
Lake Monicafort,183
South Daniel,182
Mariaberg,182
Lauraland,181
Aguirrefurt,181
Thomasborough,181
Burnetttown,180
Heatherchester,180
Navarrostad,180
Port Kennethfort,180
Camachoview,179
Carolineburgh,179
Julieside,178
South Williamtown,178
Calhountown,178
Dunnfort,177
Lake Anthonymouth,177
Martintown,176
Craigland,176
West James,176
East Sean,176
Lake Kelseymouth,176
Brownchester,175
Zacharychester,175
New Andrewborough,174
North Eugeneshire,174
North Brandimouth,174
Andreashire,173
Anthonymouth,173
Brucebury,172
West Dorothy,171
East Danielburgh,170
Whitneyfurt,170
New Robertburgh,170
Morganton,169
South Annamouth,169
Kurttown,169
Guzmanshire,168
Donnashire,168
Johnsonfort,168
Singletonhaven,167
Josephview,167
Williamborough,165
Kellyfurt,165
Olsonside,164
Villabury,164
Hardyton,164
West Donald,163
Johnland,162
Karlmouth,162
Mcknightstad,162
New Davidport,162
Wrightfurt,161
East Briana,161
Hullfort,161
Russellport,161
Danielchester,161
Villanuevaside,160
Burtonberg,160
East Michaelport,158
Campbellshire,158
Harryland,158
Travisville,157
Joshuaberg,157
Adrianberg,157
North Jennifer,157
Lewisfurt,157
Sullivanmouth,157
New Katrinaton,156
West Troy,155
Novakhaven,154
North Brenthaven,154
Lake Matthew,154
Lake Bradyville,154
Darrentown,154
Fordborough,154
Robertport,153
Ericaburgh,153
West Katherine,152
North Brandontown,151
Port Rhonda,151
Christineside,151
Knightstad,151
West Ericville,151
East Jessica,151
East Amandaview,150
Walkerton,150
New Jeremy,149
Port Jenniferside,148
Oconnorberg,148
New Meganton,148
South Lisa,147
Lake Mary,147
Rebeccaborough,146
South Mark,146
Walkerstad,146
Kingport,146
Charlesside,146
East Martinberg,146
Collinschester,144
Karaside,144
Ryanburgh,143
Port Timothyhaven,143
Shanestad,143
Kellyborough,143
East Robertomouth,143
East Patricia,143
Port Jessefort,142
Kingville,141
Amandafort,140
Lake Jamesland,140
Brownview,140
Kellymouth,140
Lake Manuel,140
Christinafort,140
Boothport,138
Rebeccastad,138
Norriston,138
Williamsbury,137
Port Amandaport,136
Michaelport,136
Jamesborough,136
North Lisaton,135
Beckmouth,135
New Kari,135
Martinmouth,135
South Natashamouth,134
East Robertville,134
Johnsonborough,133
Carterborough,133
South Sonya,133
Jenniferview,132
North Kara,132
Phelpstown,131
Christinaberg,130
Christopherton,129
Lake Derek,128
Goodmanburgh,127
New Kimberlymouth,127
North Ronniefurt,127
West Taylor,127
Vegaborough,127
Oliviashire,126
New Laurenside,126
Aguilarburgh,126
Port Olivia,125
West Travisberg,124
Ericton,124
Davidsonland,124
Carrhaven,124
New Rachelshire,123
Arnoldberg,123
North Paula,122
New Darrenberg,122
South Peter,122
Mosleystad,122
South Amytown,122
Kellyhaven,122
South Lauraview,122
North Jonathan,121
Kennedytown,120
Marcburgh,120
North Loriberg,120
New Zachary,120
Port Melissa,119
Nicolemouth,118
Lake Kevinland,118
North Peter,118
Paulview,117
North Josephview,117
East Jessicatown,117
Lake Paula,117
New Terriview,116
Rivasberg,116
New Patrick,116
Port Diamond,116
Anitachester,116
Riveratown,115
Matthewland,115
Lake Sarahshire,114
North Amandastad,114
Barneshaven,113
Kristiberg,113
North Julie,113
Deborahland,112
Michaelmouth,112
Jessicaland,111
Wolfborough,111
Petersonport,111
Rachelstad,110
West Rebecca,110
New Kristine,110
South Lauren,109
Port Margaretland,109
New Samantha,108
North Teresa,108
Dwaynehaven,108
Brownmouth,108
Flemingview,107
Brendafurt,106
Ernestville,106
Shieldsborough,105
Nicholasport,105
Port Justinmouth,105
Marshallburgh,105
Batesfurt,104
West Emily,104
Ronaldside,103
Lake Lorichester,103
West Michaelside,102
East Brittanymouth,102
New Lawrence,102
East Victorfurt,101
Moralesmouth,101
West Charlesfort,101
New Daniel,100
Mooneyland,100
Richardsonshire,100
South Julie,99
South Sarah,99
New Sandra,98
Audreyburgh,98
Lake Danielmouth,98
Lake Mitchellfurt,98
Woodsville,98
Jacksonside,97
Gomezton,97
Katieberg,97
Port Benjamin,96
South Oliviaton,96
Lake Jessicastad,95
Port Angela,95
Wilsonbury,95
Jenniferborough,94
Chenmouth,94
Brentport,93
Stevensonfort,92
Courtneyhaven,92
South Kathryntown,92
Lake Waltertown,91
Davisville,91
Arroyomouth,90
Flowersfurt,90
North Anna,90
New Joseph,89
Parsonsfurt,89
Stephaniechester,89
Moniquechester,89
Daltonville,89
Port Christinaborough,89
South Nicolehaven,88
Julieport,88
West Julia,88
South Jasonville,88
Lake Jasontown,87
Salinaston,86
Nielsenville,86
Brendaburgh,86
North Tyler,86
New Melindafurt,86
New Jennifer,85
Heatherfurt,85
Macdonaldberg,85
East Chadmouth,85
West Jason,84
West William,84
Lake Emily,84
Lake Alexander,83
Allisonport,83
Berryborough,83
Smithborough,83
Harperfort,82
Port Brandonstad,82
South Charlottestad,82
Crystalbury,81
Matthewchester,81
New Benjamin,81
Carolville,81
West Andrealand,80
Millerton,80
Ariasmouth,80
North Sharonfurt,80
Burgessburgh,80
Reneeberg,79
Bradleyfurt,79
Andersonshire,78
South Steveside,78
West Michaelton,78
Lake Karenfurt,77
Stephanieview,77
Tonyview,77
Deleonburgh,77
Atkinsview,76
East Cody,76
Lynnmouth,75
North Logan,75
North Joshuamouth,75
Villastad,73
Josephchester,73
Port Bianca,71
Christopherport,71
South Melissaside,70
Deannaton,70
Port Carlosville,69
West Brendaland,69
Woodsborough,68
Johnsonhaven,68
New Jacobhaven,68
Zacharyville,67
New Emily,67
West Eric,67
Estesbury,66
Lake Seanchester,65
Victoriatown,64
Perezchester,64
Lake Nicoleville,63
West Paulstad,63
New Samuelfort,63
Millsmouth,63
Fritztown,62
Harmonview,62
Andrewton,61
Port Cherylfort,61
Ambermouth,60
Port Frederickview,60
Joanhaven,59
East Cynthiafurt,59
Lydiaside,59
Luisborough,58
West Terri,58
East Georgeton,58
Port Jasminport,58
North Brianberg,58
North Seantown,57
Lake Jameston,57
Austinhaven,57
Lake Melissaville,57
Port Cassidystad,57
Ericfort,57
Lewisview,56
West Marvin,55
Teresatown,54
North Oliviabury,54
Williamston,53
Stephanieside,52
Lake Christopherhaven,51
Lake Jacobbury,51
Kelseymouth,51
Jenniferfort,50
Alexandermouth,50
